{"mean":{"confidence_interval":{"confidence_level":0.95,"lower_bound":-0.017887171509387827,"upper_bound":-0.004855389686670256},"point_estimate":-0.011168785190282637,"standard_error":0.0033183802205468977},"median":{"confidence_interval":{"confidence_level":0.95,"lower_bound":-0.01891490871026824,"upper_bound":-0.0008083857454436183},"point_estimate":-0.011940617475686421,"standard_error":0.004957847737927568}}