{"mean":{"confidence_interval":{"confidence_level":0.95,"lower_bound":1.4840565296434765,"upper_bound":1.73460916480709},"point_estimate":1.595562737344645,"standard_error":0.0639892144481481},"median":{"confidence_interval":{"confidence_level":0.95,"lower_bound":1.4470740273622642,"upper_bound":1.714924672457251},"point_estimate":1.5576523227462515,"standard_error":0.07284816550190493}}