{"mean":{"confidence_interval":{"confidence_level":0.95,"lower_bound":-0.26921387533698843,"upper_bound":0.0619352641583637},"point_estimate":-0.12042946516314512,"standard_error":0.08463130036467695},"median":{"confidence_interval":{"confidence_level":0.95,"lower_bound":-0.06672921948610544,"upper_bound":0.014902992784479263},"point_estimate":-0.01757010827987926,"standard_error":0.019466494360700783}}