{"mean":{"confidence_interval":{"confidence_level":0.95,"lower_bound":1.1779097015291358,"upper_bound":1.2590840954835811},"point_estimate":1.2221184044954447,"standard_error":0.020805794872412395},"median":{"confidence_interval":{"confidence_level":0.95,"lower_bound":1.1999529888852978,"upper_bound":1.2611306434990972},"point_estimate":1.2227358873218912,"standard_error":0.017291568680648094}}