{"mean":{"confidence_interval":{"confidence_level":0.95,"lower_bound":12404039.16,"upper_bound":15401001.716571424},"point_estimate":13813575.459999997,"standard_error":767233.8220061514},"median":{"confidence_interval":{"confidence_level":0.95,"lower_bound":10931321.42857143,"upper_bound":11381184.57142857},"point_estimate":11104253.0,"standard_error":109257.32315337418},"median_abs_dev":{"confidence_interval":{"confidence_level":0.95,"lower_bound":331879.23633296654,"upper_bound":961726.5969259375},"point_estimate":564667.5796751471,"standard_error":164312.32362665152},"slope":null,"std_dev":{"confidence_interval":{"confidence_level":0.95,"lower_bound":3941210.157850863,"upper_bound":6572387.614190051},"point_estimate":5481301.650418137,"standard_error":674142.3651982638}}