{"mean":{"confidence_interval":{"confidence_level":0.95,"lower_bound":649235275.3,"upper_bound":673699466.9},"point_estimate":661183054.3,"standard_error":6227117.085143654},"median":{"confidence_interval":{"confidence_level":0.95,"lower_bound":648679917.0,"upper_bound":671660791.0},"point_estimate":662243312.5,"standard_error":6064285.664974696},"median_abs_dev":{"confidence_interval":{"confidence_level":0.95,"lower_bound":4556832.547000051,"upper_bound":34579019.44279969},"point_estimate":16424149.845913053,"standard_error":7458972.077069002},"slope":null,"std_dev":{"confidence_interval":{"confidence_level":0.95,"lower_bound":8942212.521392368,"upper_bound":28449945.14279758},"point_estimate":20756504.379471336,"standard_error":5017558.195185841}}