{"mean":{"confidence_interval":{"confidence_level":0.95,"lower_bound":12596386425.0,"upper_bound":12719390178.9},"point_estimate":12650568633.3,"standard_error":31335281.951291114},"median":{"confidence_interval":{"confidence_level":0.95,"lower_bound":12584264021.0,"upper_bound":12730415125.0},"point_estimate":12618128083.5,"standard_error":27748311.087757923},"median_abs_dev":{"confidence_interval":{"confidence_level":0.95,"lower_bound":7979723.708331585,"upper_bound":151058650.92977285},"point_estimate":25018998.35292399,"standard_error":32220557.16706578},"slope":null,"std_dev":{"confidence_interval":{"confidence_level":0.95,"lower_bound":23846085.073551413,"upper_bound":132376719.29612553},"point_estimate":104508922.19828328,"standard_error":28885421.58862}}