{"mean":{"confidence_interval":{"confidence_level":0.95,"lower_bound":-0.9478466328450735,"upper_bound":-0.9460879568619905},"point_estimate":-0.9469491813509936,"standard_error":0.00044688068164530626},"median":{"confidence_interval":{"confidence_level":0.95,"lower_bound":-0.9457297625731562,"upper_bound":-0.9447395766749764},"point_estimate":-0.9451797952038326,"standard_error":0.00025194236573664383}}