{"mean":{"confidence_interval":{"confidence_level":0.95,"lower_bound":23338.559148518503,"upper_bound":41340.804966481504},"point_estimate":31158.046296296292,"standard_error":4701.528146822855},"median":{"confidence_interval":{"confidence_level":0.95,"lower_bound":20820.985185185185,"upper_bound":21136.11111111111},"point_estimate":21027.15925925926,"standard_error":82.38991812126261},"median_abs_dev":{"confidence_interval":{"confidence_level":0.95,"lower_bound":1730.161222616832,"upper_bound":2062.8238473220035},"point_estimate":1882.9898243480245,"standard_error":86.39813218584189},"slope":null,"std_dev":{"confidence_interval":{"confidence_level":0.95,"lower_bound":48152.144166219616,"upper_bound":219146.69091071814},"point_estimate":149379.51886001168,"standard_error":42809.64899925188}}