{"mean":{"confidence_interval":{"confidence_level":0.95,"lower_bound":22693816866.7,"upper_bound":23618424963.364998},"point_estimate":23156593162.6,"standard_error":235605374.26842034},"median":{"confidence_interval":{"confidence_level":0.95,"lower_bound":22614561166.0,"upper_bound":23740790563.0},"point_estimate":23048266375.0,"standard_error":308774021.85542256},"median_abs_dev":{"confidence_interval":{"confidence_level":0.95,"lower_bound":80630705.12141883,"upper_bound":1314447222.298497},"point_estimate":914488451.2991846,"standard_error":307239316.73575},"slope":null,"std_dev":{"confidence_interval":{"confidence_level":0.95,"lower_bound":434265258.32391095,"upper_bound":1010118856.641075},"point_estimate":786772801.6009926,"standard_error":147637247.43757114}}