{"mean":{"confidence_interval":{"confidence_level":0.95,"lower_bound":-0.22864294929548265,"upper_bound":0.19072699370235224},"point_estimate":-0.048954667872256774,"standard_error":0.10741397283168572},"median":{"confidence_interval":{"confidence_level":0.95,"lower_bound":-0.10193520412156054,"upper_bound":0.06530164896089574},"point_estimate":0.015686683544441804,"standard_error":0.04635188854822455}}