{"mean":{"confidence_interval":{"confidence_level":0.95,"lower_bound":0.6116108994109584,"upper_bound":1.131041622909428},"point_estimate":0.8662990034334788,"standard_error":0.13389345884131093},"median":{"confidence_interval":{"confidence_level":0.95,"lower_bound":0.6663051182257373,"upper_bound":1.1601395938570804},"point_estimate":1.029243250411211,"standard_error":0.1044487523297852}}