{"mean":{"confidence_interval":{"confidence_level":0.95,"lower_bound":-0.01741513575270537,"upper_bound":0.0038807420869871137},"point_estimate":-0.004553007219793015,"standard_error":0.005758340295714144},"median":{"confidence_interval":{"confidence_level":0.95,"lower_bound":-0.007868049439767377,"upper_bound":0.0054360019860550945},"point_estimate":0.002805353703580371,"standard_error":0.0035848565708685555}}