{"mean":{"confidence_interval":{"confidence_level":0.95,"lower_bound":6579877343.6125,"upper_bound":6670775031.4875},"point_estimate":6621712358.3,"standard_error":23415721.10075991},"median":{"confidence_interval":{"confidence_level":0.95,"lower_bound":6565936625.0,"upper_bound":6686223000.0},"point_estimate":6589202208.0,"standard_error":27825580.333485655},"median_abs_dev":{"confidence_interval":{"confidence_level":0.95,"lower_bound":4009475.1692175865,"upper_bound":132590707.3681444},"point_estimate":37452914.95337784,"standard_error":29930669.225788977},"slope":null,"std_dev":{"confidence_interval":{"confidence_level":0.95,"lower_bound":22498756.2886586,"upper_bound":102415451.06581284},"point_estimate":78143876.38309447,"standard_error":19111082.735279705}}