{"mean":{"confidence_interval":{"confidence_level":0.95,"lower_bound":0.033195869241531104,"upper_bound":0.05446966999776229},"point_estimate":0.044649864451865806,"standard_error":0.0054493506307915435},"median":{"confidence_interval":{"confidence_level":0.95,"lower_bound":0.04918562513016389,"upper_bound":0.062042660284553186},"point_estimate":0.057162190412108016,"standard_error":0.003224327811883567}}