{"mean":{"confidence_interval":{"confidence_level":0.95,"lower_bound":0.21620825221706916,"upper_bound":0.23287565557369608},"point_estimate":0.22488454334071162,"standard_error":0.004257437731838759},"median":{"confidence_interval":{"confidence_level":0.95,"lower_bound":0.21861955949684123,"upper_bound":0.23925725938648057},"point_estimate":0.22558988493881538,"standard_error":0.006819519938807151}}