{"mean":{"confidence_interval":{"confidence_level":0.95,"lower_bound":2848961.615,"upper_bound":2871675.558765625},"point_estimate":2860188.229375,"standard_error":5803.547468803327},"median":{"confidence_interval":{"confidence_level":0.95,"lower_bound":2845419.25,"upper_bound":2883296.875},"point_estimate":2859106.75,"standard_error":8178.243064569347},"median_abs_dev":{"confidence_interval":{"confidence_level":0.95,"lower_bound":45107.36289918423,"upper_bound":66632.07363579422},"point_estimate":58479.67336177826,"standard_error":5271.346066760802},"slope":null,"std_dev":{"confidence_interval":{"confidence_level":0.95,"lower_bound":48195.218779648196,"upper_bound":69575.71128878977},"point_estimate":58656.52032591096,"standard_error":5542.957054003149}}