{"mean":{"confidence_interval":{"confidence_level":0.95,"lower_bound":15424457855.8375,"upper_bound":15568055937.5},"point_estimate":15495485983.4,"standard_error":36554888.82210934},"median":{"confidence_interval":{"confidence_level":0.95,"lower_bound":15394692750.0,"upper_bound":15625161541.5},"point_estimate":15464650146.0,"standard_error":78767642.08890583},"median_abs_dev":{"confidence_interval":{"confidence_level":0.95,"lower_bound":10095270.814973116,"upper_bound":186371712.2912407},"point_estimate":159106420.78779638,"standard_error":55563569.84318212},"slope":null,"std_dev":{"confidence_interval":{"confidence_level":0.95,"lower_bound":81938929.09169622,"upper_bound":137815764.74561822},"point_estimate":121575110.9451989,"standard_error":14199115.290428478}}