{"mean":{"confidence_interval":{"confidence_level":0.95,"lower_bound":1028663575.3900001,"upper_bound":1039545908.7574999},"point_estimate":1034330783.3,"standard_error":2804031.110872389},"median":{"confidence_interval":{"confidence_level":0.95,"lower_bound":1029237771.0,"upper_bound":1041753958.5},"point_estimate":1034622916.0,"standard_error":4045087.393718947},"median_abs_dev":{"confidence_interval":{"confidence_level":0.95,"lower_bound":1158651.1381298304,"upper_bound":17066547.81240821},"point_estimate":8701255.448421836,"standard_error":3843085.089933673},"slope":null,"std_dev":{"confidence_interval":{"confidence_level":0.95,"lower_bound":5068251.010951275,"upper_bound":12310345.473681714},"point_estimate":9361451.217279106,"standard_error":1968612.6698845844}}