{"mean":{"confidence_interval":{"confidence_level":0.95,"lower_bound":-0.30084510693318495,"upper_bound":0.05408622764625304},"point_estimate":-0.14002582778657935,"standard_error":0.09119282515830311},"median":{"confidence_interval":{"confidence_level":0.95,"lower_bound":-0.32807840372913805,"upper_bound":0.20204179017737567},"point_estimate":0.02503604272953286,"standard_error":0.13166031641611992}}