{"mean":{"confidence_interval":{"confidence_level":0.95,"lower_bound":35880128.91333333,"upper_bound":36935069.892},"point_estimate":36384993.31999999,"standard_error":269859.10547922057},"median":{"confidence_interval":{"confidence_level":0.95,"lower_bound":35649625.0,"upper_bound":36588951.33333333},"point_estimate":36242951.33333333,"standard_error":219421.2219829199},"median_abs_dev":{"confidence_interval":{"confidence_level":0.95,"lower_bound":814575.2666383982,"upper_bound":1830022.320410611},"point_estimate":1339003.9887279198,"standard_error":267674.86337105307},"slope":null,"std_dev":{"confidence_interval":{"confidence_level":0.95,"lower_bound":1286145.734210381,"upper_bound":2462568.150653767},"point_estimate":1926790.5738316642,"standard_error":302211.1562045665}}