{"mean":{"confidence_interval":{"confidence_level":0.95,"lower_bound":-0.026393980372805752,"upper_bound":-0.008324872426661164},"point_estimate":-0.01724084185635255,"standard_error":0.004617053953360791},"median":{"confidence_interval":{"confidence_level":0.95,"lower_bound":-0.034638895585811236,"upper_bound":-0.00672685741222212},"point_estimate":-0.015775852794116196,"standard_error":0.008179947846502498}}