{"mean":{"confidence_interval":{"confidence_level":0.95,"lower_bound":6036493374.9,"upper_bound":6046265795.7},"point_estimate":6041275737.4,"standard_error":2504752.936193451},"median":{"confidence_interval":{"confidence_level":0.95,"lower_bound":6034736791.5,"upper_bound":6049349020.5},"point_estimate":6038568229.5,"standard_error":3939396.041641511},"median_abs_dev":{"confidence_interval":{"confidence_level":0.95,"lower_bound":1338603.1925350428,"upper_bound":13632970.0704664},"point_estimate":10896213.57485354,"standard_error":3531458.1266905465},"slope":null,"std_dev":{"confidence_interval":{"confidence_level":0.95,"lower_bound":4985540.709123545,"upper_bound":10228462.58825735},"point_estimate":8360782.4135750765,"standard_error":1335396.2099233028}}