{"mean":{"confidence_interval":{"confidence_level":0.95,"lower_bound":-0.004595714880308468,"upper_bound":0.011369080235217793},"point_estimate":0.003917404407387748,"standard_error":0.0040708020166271815},"median":{"confidence_interval":{"confidence_level":0.95,"lower_bound":-0.005696032572257592,"upper_bound":0.017902828372170276},"point_estimate":0.006708909091833526,"standard_error":0.005518117497924829}}