{"mean":{"confidence_interval":{"confidence_level":0.95,"lower_bound":5908296021.1,"upper_bound":5980598242.3975},"point_estimate":5943207950.1,"standard_error":18550235.23384607},"median":{"confidence_interval":{"confidence_level":0.95,"lower_bound":5886588000.0,"upper_bound":6004804625.0},"point_estimate":5938769541.5,"standard_error":28871185.717509914},"median_abs_dev":{"confidence_interval":{"confidence_level":0.95,"lower_bound":8780883.669108152,"upper_bound":104370960.25574505},"point_estimate":78131659.06868577,"standard_error":26051652.891160272},"slope":null,"std_dev":{"confidence_interval":{"confidence_level":0.95,"lower_bound":33530060.46989542,"upper_bound":75377902.3695565},"point_estimate":61752689.15961758,"standard_error":10309530.105579754}}