{"mean":{"confidence_interval":{"confidence_level":0.95,"lower_bound":5.000350426655471,"upper_bound":5.076461712969111},"point_estimate":5.037842616725686,"standard_error":0.019450325715445922},"median":{"confidence_interval":{"confidence_level":0.95,"lower_bound":4.9849781675152816,"upper_bound":5.075460129828467},"point_estimate":5.029610470178296,"standard_error":0.025630174015098102}}