{"mean":{"confidence_interval":{"confidence_level":0.95,"lower_bound":-0.25074161336492884,"upper_bound":0.03443722793621844},"point_estimate":-0.12423050462552376,"standard_error":0.07283933512135497},"median":{"confidence_interval":{"confidence_level":0.95,"lower_bound":-0.28358247258135283,"upper_bound":0.15934238326553452},"point_estimate":-0.09483727050811819,"standard_error":0.10781710322390502}}