{"mean":{"confidence_interval":{"confidence_level":0.95,"lower_bound":1761634281.375,"upper_bound":1874861246.0},"point_estimate":1814544712.8,"standard_error":29025843.4385306},"median":{"confidence_interval":{"confidence_level":0.95,"lower_bound":1726726833.0,"upper_bound":1896678812.5},"point_estimate":1802528459.0,"standard_error":38870723.85682337},"median_abs_dev":{"confidence_interval":{"confidence_level":0.95,"lower_bound":10837280.225899816,"upper_bound":167790131.8894297},"point_estimate":94990489.4356817,"standard_error":39314589.148748614},"slope":null,"std_dev":{"confidence_interval":{"confidence_level":0.95,"lower_bound":44023810.28764113,"upper_bound":119392813.23437726},"point_estimate":96513852.72644244,"standard_error":19160878.393731482}}