{"mean":{"confidence_interval":{"confidence_level":0.95,"lower_bound":742581292.0,"upper_bound":784910316.6225001},"point_estimate":759292625.3,"standard_error":11560734.697841613},"median":{"confidence_interval":{"confidence_level":0.95,"lower_bound":738357854.5,"upper_bound":761623834.0},"point_estimate":746114979.5,"standard_error":7460679.553994627},"median_abs_dev":{"confidence_interval":{"confidence_level":0.95,"lower_bound":600638.3143365383,"upper_bound":29658454.713857174},"point_estimate":13907374.121394753,"standard_error":7552859.399056955},"slope":null,"std_dev":{"confidence_interval":{"confidence_level":0.95,"lower_bound":8010747.730922902,"upper_bound":58820120.36506932},"point_estimate":38758073.62455253,"standard_error":16969591.713397678}}