{"mean":{"confidence_interval":{"confidence_level":0.95,"lower_bound":-0.025236060046153738,"upper_bound":0.0206703585979394},"point_estimate":-0.00308987952967843,"standard_error":0.011793545128367031},"median":{"confidence_interval":{"confidence_level":0.95,"lower_bound":-0.03343393286884766,"upper_bound":0.02690710610760627},"point_estimate":-0.007817495755137127,"standard_error":0.01548808351250593}}