{"mean":{"confidence_interval":{"confidence_level":0.95,"lower_bound":3.621649825022515,"upper_bound":3.798513883071322},"point_estimate":3.710991791672118,"standard_error":0.04507732470178227},"median":{"confidence_interval":{"confidence_level":0.95,"lower_bound":3.6338430792813687,"upper_bound":3.809875091292521},"point_estimate":3.7061436909564867,"standard_error":0.04451935366086403}}