{"mean":{"confidence_interval":{"confidence_level":0.95,"lower_bound":25163.076269904504,"upper_bound":41408.51970063693},"point_estimate":32290.665178343974,"standard_error":4197.176087174629},"median":{"confidence_interval":{"confidence_level":0.95,"lower_bound":21272.162420382163,"upper_bound":21767.78025477707},"point_estimate":21480.75796178344,"standard_error":129.02139643534002},"median_abs_dev":{"confidence_interval":{"confidence_level":0.95,"lower_bound":2334.8682010159605,"upper_bound":2777.1269468744877},"point_estimate":2519.791975009976,"standard_error":111.48360034957268},"slope":null,"std_dev":{"confidence_interval":{"confidence_level":0.95,"lower_bound":55065.16268701144,"upper_bound":191872.3789656376},"point_estimate":132753.048634755,"standard_error":34356.19617070354}}