{"mean":{"confidence_interval":{"confidence_level":0.95,"lower_bound":0.05289640623961746,"upper_bound":0.06887228587169833},"point_estimate":0.060799584915756766,"standard_error":0.004098371994217702},"median":{"confidence_interval":{"confidence_level":0.95,"lower_bound":0.051285107688906484,"upper_bound":0.07083299363340578},"point_estimate":0.0630229464213754,"standard_error":0.004953735093148745}}