{"mean":{"confidence_interval":{"confidence_level":0.95,"lower_bound":0.03374957783888844,"upper_bound":0.07658068423372402},"point_estimate":0.05391717782558336,"standard_error":0.01091994176387511},"median":{"confidence_interval":{"confidence_level":0.95,"lower_bound":0.019501564632543156,"upper_bound":0.07489030344024705},"point_estimate":0.05695653533555922,"standard_error":0.013582516774705948}}