{"mean":{"confidence_interval":{"confidence_level":0.95,"lower_bound":142801912.384,"upper_bound":143972496.995},"point_estimate":143360125.82,"standard_error":298873.3071253384},"median":{"confidence_interval":{"confidence_level":0.95,"lower_bound":142818041.5,"upper_bound":143858438.0},"point_estimate":143365729.0,"standard_error":297562.52023848245},"median_abs_dev":{"confidence_interval":{"confidence_level":0.95,"lower_bound":1109016.6562110186,"upper_bound":2613730.3497970104},"point_estimate":1846330.673021078,"standard_error":410586.846409091},"slope":null,"std_dev":{"confidence_interval":{"confidence_level":0.95,"lower_bound":1487993.1284698588,"upper_bound":2865848.2418095567},"point_estimate":2136546.8235936104,"standard_error":376541.2704370384}}