{"mean":{"confidence_interval":{"confidence_level":0.95,"lower_bound":-0.3365371537686985,"upper_bound":0.5531825008935274},"point_estimate":0.02507442857458142,"standard_error":0.22913882684864476},"median":{"confidence_interval":{"confidence_level":0.95,"lower_bound":-0.024461731990120805,"upper_bound":-0.00924781585817891},"point_estimate":-0.017128492865024825,"standard_error":0.0038939400678702257}}