{"mean":{"confidence_interval":{"confidence_level":0.95,"lower_bound":959204287.6,"upper_bound":1005068804.4},"point_estimate":979997029.4,"standard_error":11762952.012167068},"median":{"confidence_interval":{"confidence_level":0.95,"lower_bound":956826333.5,"upper_bound":1009068584.0},"point_estimate":968253750.5,"standard_error":11834061.561560541},"median_abs_dev":{"confidence_interval":{"confidence_level":0.95,"lower_bound":1314663.6507600546,"upper_bound":60889392.76609719},"point_estimate":21967035.913807154,"standard_error":16473384.237816554},"slope":null,"std_dev":{"confidence_interval":{"confidence_level":0.95,"lower_bound":14857399.098185169,"upper_bound":53418373.66524665},"point_estimate":39268690.16124523,"standard_error":10514121.916259352}}