{"mean":{"confidence_interval":{"confidence_level":0.95,"lower_bound":4.513358708102857,"upper_bound":4.602715229678725},"point_estimate":4.557621866672331,"standard_error":0.022813866477782264},"median":{"confidence_interval":{"confidence_level":0.95,"lower_bound":4.506063047574063,"upper_bound":4.602410645627175},"point_estimate":4.552120369124024,"standard_error":0.024040580492900383}}