{"mean":{"confidence_interval":{"confidence_level":0.95,"lower_bound":0.31297651582729186,"upper_bound":0.3372514216515612},"point_estimate":0.32546571217778997,"standard_error":0.0062493267765109314},"median":{"confidence_interval":{"confidence_level":0.95,"lower_bound":0.3048277516118949,"upper_bound":0.3460266776068033},"point_estimate":0.32897225298063026,"standard_error":0.010742739603720852}}