{"mean":{"confidence_interval":{"confidence_level":0.95,"lower_bound":1.0130476345751045,"upper_bound":1.0413678042958938},"point_estimate":1.0279368353371012,"standard_error":0.007259045982984816},"median":{"confidence_interval":{"confidence_level":0.95,"lower_bound":1.0129545694476207,"upper_bound":1.0499744698709237},"point_estimate":1.0319485043067278,"standard_error":0.010488821754602804}}