{"mean":{"confidence_interval":{"confidence_level":0.95,"lower_bound":0.06386909106513443,"upper_bound":0.07763387983978859},"point_estimate":0.07066846477112398,"standard_error":0.003518167108416672},"median":{"confidence_interval":{"confidence_level":0.95,"lower_bound":0.057949350855465154,"upper_bound":0.08065541017816992},"point_estimate":0.06935767738431076,"standard_error":0.005937364341574282}}