{"mean":{"confidence_interval":{"confidence_level":0.95,"lower_bound":6225445629.0,"upper_bound":6267578498.1625},"point_estimate":6245126483.2,"standard_error":10784771.07378358},"median":{"confidence_interval":{"confidence_level":0.95,"lower_bound":6219289645.5,"upper_bound":6265502333.0},"point_estimate":6238373167.0,"standard_error":10263354.261526605},"median_abs_dev":{"confidence_interval":{"confidence_level":0.95,"lower_bound":3353456.556764245,"upper_bound":54028104.6716094},"point_estimate":28679691.1370337,"standard_error":14385179.284795659},"slope":null,"std_dev":{"confidence_interval":{"confidence_level":0.95,"lower_bound":15427709.813370544,"upper_bound":49050159.08878762},"point_estimate":35877173.66621707,"standard_error":9238914.363149008}}