{"mean":{"confidence_interval":{"confidence_level":0.95,"lower_bound":0.012461066012574351,"upper_bound":0.05523558773938051},"point_estimate":0.034702671797482765,"standard_error":0.010983622585314858},"median":{"confidence_interval":{"confidence_level":0.95,"lower_bound":0.01747568636560759,"upper_bound":0.04972080191806216},"point_estimate":0.04026544442640789,"standard_error":0.0087611626611155}}