{"mean":{"confidence_interval":{"confidence_level":0.95,"lower_bound":139692434.81350002,"upper_bound":143244397.743},"point_estimate":141355673.36,"standard_error":909800.775771257},"median":{"confidence_interval":{"confidence_level":0.95,"lower_bound":137278874.5,"upper_bound":142532083.0},"point_estimate":138499458.5,"standard_error":1414403.39112711},"median_abs_dev":{"confidence_interval":{"confidence_level":0.95,"lower_bound":1842176.483492331,"upper_bound":7368923.653775454},"point_estimate":3624184.5010578632,"standard_error":1537076.4862387087},"slope":null,"std_dev":{"confidence_interval":{"confidence_level":0.95,"lower_bound":4291988.656407117,"upper_bound":8647829.361597016},"point_estimate":6519463.23241265,"standard_error":1153570.1779807245}}