{"mean":{"confidence_interval":{"confidence_level":0.95,"lower_bound":570944312.6,"upper_bound":578975506.5074999},"point_estimate":574904858.4,"standard_error":2062067.2837568084},"median":{"confidence_interval":{"confidence_level":0.95,"lower_bound":569849000.0,"upper_bound":579991979.0},"point_estimate":574523646.0,"standard_error":2378312.627359637},"median_abs_dev":{"confidence_interval":{"confidence_level":0.95,"lower_bound":1583355.2439898252,"upper_bound":11654410.012292862},"point_estimate":5975218.150618672,"standard_error":2575728.1912357667},"slope":null,"std_dev":{"confidence_interval":{"confidence_level":0.95,"lower_bound":3555656.2616891228,"upper_bound":8930847.83231119},"point_estimate":6857461.683934908,"standard_error":1377093.5194453704}}