{"mean":{"confidence_interval":{"confidence_level":0.95,"lower_bound":-0.03140079130735453,"upper_bound":0.0423200000266078},"point_estimate":0.006290838854889014,"standard_error":0.018840429097493644},"median":{"confidence_interval":{"confidence_level":0.95,"lower_bound":-0.01306359010541025,"upper_bound":0.05167555373117949},"point_estimate":0.009137352361946904,"standard_error":0.014569295498403908}}