{"mean":{"confidence_interval":{"confidence_level":0.95,"lower_bound":0.2455573184301958,"upper_bound":0.2639177912571215},"point_estimate":0.2544756035192586,"standard_error":0.004823566668576476},"median":{"confidence_interval":{"confidence_level":0.95,"lower_bound":0.2430066862080713,"upper_bound":0.2561780476542235},"point_estimate":0.25199512166258153,"standard_error":0.003792565855027053}}