{"mean":{"confidence_interval":{"confidence_level":0.95,"lower_bound":-0.055061982535577834,"upper_bound":-0.0161140901652998},"point_estimate":-0.03622829139520656,"standard_error":0.009879854930822428},"median":{"confidence_interval":{"confidence_level":0.95,"lower_bound":-0.04666021571083856,"upper_bound":-0.01640860798968613},"point_estimate":-0.029468977052331757,"standard_error":0.0070899726825947}}