{"mean":{"confidence_interval":{"confidence_level":0.95,"lower_bound":25000.395432051297,"upper_bound":46024.10439022443},"point_estimate":34441.56887179487,"standard_error":5365.425651137171},"median":{"confidence_interval":{"confidence_level":0.95,"lower_bound":20592.94871794872,"upper_bound":20877.134615384617},"point_estimate":20738.78205128205,"standard_error":77.91557529230087},"median_abs_dev":{"confidence_interval":{"confidence_level":0.95,"lower_bound":1551.1036955393288,"upper_bound":1834.4371039706914},"point_estimate":1677.8279779049055,"standard_error":70.7194289102967},"slope":null,"std_dev":{"confidence_interval":{"confidence_level":0.95,"lower_bound":81785.60140329436,"upper_bound":237031.10019873286},"point_estimate":169903.58341264486,"standard_error":38667.07145135087}}