{"mean":{"confidence_interval":{"confidence_level":0.95,"lower_bound":0.05980358400869793,"upper_bound":0.07171602776774871},"point_estimate":0.06579563351241013,"standard_error":0.003069500397503667},"median":{"confidence_interval":{"confidence_level":0.95,"lower_bound":0.059626229550794996,"upper_bound":0.06716998537008867},"point_estimate":0.06367647328823423,"standard_error":0.0024183447967863207}}