{"mean":{"confidence_interval":{"confidence_level":0.95,"lower_bound":-0.3339485493735126,"upper_bound":0.4069064123786406},"point_estimate":-0.03449121827840318,"standard_error":0.18938344074888033},"median":{"confidence_interval":{"confidence_level":0.95,"lower_bound":0.064762639423116,"upper_bound":0.09098440658016024},"point_estimate":0.07643085198176891,"standard_error":0.0067698569136785255}}