{"mean":{"confidence_interval":{"confidence_level":0.95,"lower_bound":3810952.505,"upper_bound":3885995.2565},"point_estimate":3846256.6,"standard_error":19208.50356336596},"median":{"confidence_interval":{"confidence_level":0.95,"lower_bound":3649677.0,"upper_bound":3699208.5},"point_estimate":3674593.75,"standard_error":13206.584380006829},"median_abs_dev":{"confidence_interval":{"confidence_level":0.95,"lower_bound":261802.6924520731,"upper_bound":318264.5472496748},"point_estimate":286913.8588562608,"standard_error":13834.679836315445},"slope":null,"std_dev":{"confidence_interval":{"confidence_level":0.95,"lower_bound":435151.1897832872,"upper_bound":842886.9039252821},"point_estimate":611660.6966775022,"standard_error":124818.45580544198}}