{"mean":{"confidence_interval":{"confidence_level":0.95,"lower_bound":-0.011054554856924815,"upper_bound":0.016842235348490168},"point_estimate":0.0032359353792663637,"standard_error":0.007137177580424915},"median":{"confidence_interval":{"confidence_level":0.95,"lower_bound":-0.011021641237813573,"upper_bound":0.022644601643944773},"point_estimate":0.001727925243771411,"standard_error":0.009411110323289265}}