{"mean":{"confidence_interval":{"confidence_level":0.95,"lower_bound":0.4953691974677258,"upper_bound":0.519582585995536},"point_estimate":0.5042321478082956,"standard_error":0.0066296359956236756},"median":{"confidence_interval":{"confidence_level":0.95,"lower_bound":0.4945526872058392,"upper_bound":0.5030249010074102},"point_estimate":0.4978262373646585,"standard_error":0.0028662095962494194}}