{"mean":{"confidence_interval":{"confidence_level":0.95,"lower_bound":-0.01442982207170207,"upper_bound":0.01876900210047461},"point_estimate":0.002315615218618783,"standard_error":0.008493848013865468},"median":{"confidence_interval":{"confidence_level":0.95,"lower_bound":-0.027068526528353048,"upper_bound":0.01519352084075365},"point_estimate":-0.0138937959038683,"standard_error":0.010751923029700447}}