{"mean":{"confidence_interval":{"confidence_level":0.95,"lower_bound":11337335.676375002,"upper_bound":15082531.762249991},"point_estimate":13131093.6475,"standard_error":956041.0084081538},"median":{"confidence_interval":{"confidence_level":0.95,"lower_bound":9336031.25,"upper_bound":9546807.3125},"point_estimate":9419466.1875,"standard_error":130126.30049029447},"median_abs_dev":{"confidence_interval":{"confidence_level":0.95,"lower_bound":218780.05044087768,"upper_bound":661498.3019560575},"point_estimate":356843.3738272637,"standard_error":205058.39672035215},"slope":null,"std_dev":{"confidence_interval":{"confidence_level":0.95,"lower_bound":4967843.109239767,"upper_bound":8092808.073759532},"point_estimate":6805169.3790837275,"standard_error":791056.1809719241}}