{"mean":{"confidence_interval":{"confidence_level":0.95,"lower_bound":-0.0031902761470259406,"upper_bound":0.00986771368797784},"point_estimate":0.0035743799418896938,"standard_error":0.0033387419424452795},"median":{"confidence_interval":{"confidence_level":0.95,"lower_bound":-0.0034953269247461893,"upper_bound":0.011500875851826242},"point_estimate":0.004998611897971239,"standard_error":0.0040793201563463725}}