{"mean":{"confidence_interval":{"confidence_level":0.95,"lower_bound":7924493994.8324995,"upper_bound":8039512194.695},"point_estimate":7973684737.5,"standard_error":30271952.865196276},"median":{"confidence_interval":{"confidence_level":0.95,"lower_bound":7918415000.0,"upper_bound":8017872250.0},"point_estimate":7939917999.5,"standard_error":20588879.8628625},"median_abs_dev":{"confidence_interval":{"confidence_level":0.95,"lower_bound":7488705.870848894,"upper_bound":108440141.94980264},"point_estimate":25119753.623235226,"standard_error":25623436.645381685},"slope":null,"std_dev":{"confidence_interval":{"confidence_level":0.95,"lower_bound":16988026.52712026,"upper_bound":142374907.95484695},"point_estimate":100966742.71437867,"standard_error":35075716.27289065}}